{
  "name": "BetterCheatCommandManagement",
  "version": "1.0.1",
  "styleFileList": [],
  "scriptFileList": [],
  "tweeFileList": [],
  "imgFileList": [],
  "additionFile": [
    "readme.md"
  ],
  "addonPlugin": [
    {
      "modName": "TweeReplacer",
      "addonName": "TweeReplacerAddon",
      "modVersion": "1.0.0",
      "params": []
    },
    {
      "modName": "ReplacePatcher",
      "addonName": "ReplacePatcherAddon",
      "modVersion": "1.0.0",
      "params": {
        "twee": [
          {
            "TODO": "caption.twee",
            "passageName": "StoryCaption",
            "from": "<<if $options.tipdisable is \"f\">>",
            "to": "<br><<if $ccmenu is undefined>><<set $ccmenu to false>><</if>><<if $cccheat is undefined>><<set $cccheat to []>><</if>><<if $ccshow is undefined>><<set $ccshow to false>><</if>><<if $cccheat.length != 0>><<for _i to 0; _i lt $cccheat.length; _i++>><<set _j to _i + 1>>(_j) $cccheat[_i]<</for>><</if>><br><<if $ccmenu>><<link [[隐藏|$passage]]>><<set $ccmenu to false>><</link>><br><<textbox \"_cccheat\" \"\">><<button [[加入|$passage]]>><<set _normalisedName to Util.escape(_cccheat)>><<set ('_cccheat', '_cccheat', {name: _normalisedName,nameCap: _normalisedName.toUpperFirst()})>><<if _cccheat != \"\">><<set $cccheat[$cccheat.length] to _cccheat>><</if>><</button>><br><<textbox \"_cccount\" \"\">><<set _cccount to Number(_cccount)>><<button [[指定刪除|$passage]]>><<if _cccount lt $cccheat.length>><<for _i to _cccount; _i lt $cccheat.length; _i++>><<set _cctemp to $cccheat[_i-1]>><<set $cccheat[_i-1] to $cccheat[_i]>><<set $cccheat[_i] to _cctemp>><</for>><</if>><<if _cccount lte $cccheat.length>><<set _ccarray to []>><<for _i to 0; _i lt $cccheat.length - 1; _i++>><<set _ccarray[_i] to $cccheat[_i]>><</for>><<set $cccheat to _ccarray>><</if>><</button>><br><<if $ccshow>><<textbox \"$cccheat[$cccount-1]\" $cccheat[$cccount-1]>><<set $ccshow to false>><</if>><<button [[指定提取|$passage]]>><<set $cccount to _cccount>><<if ($cccount gte 1) and ($cccount lte $cccheat.length)>><<set $ccshow to true>><</if>><</button>><br><<else>><<link [[显示|$passage]]>><<set $ccmenu to true>><</link>><</if>><br>\n\t\t<<if $options.tipdisable is \"f\">>"
          }
        ]
      }
    }
  ],
  "dependenceInfo": [
    {
      "modName": "TweeReplacer",
      "version": "^1.0.0"
    },
    {
      "modName": "ReplacePatcher",
      "version": "^1.0.0"
    }
  ]
}
