{
  "name": "KingsNewClothes",
  "version": "1.0.0",
  "styleFileList": [],
  "scriptFileList": [],
  "tweeFileList": [],
  "imgFileList": [],
  "additionFile": [
    "readme.md"
  ],
  "addonPlugin": [
    {
      "modName": "TweeReplacer",
      "addonName": "TweeReplacerAddon",
      "modVersion": "1.0.0",
      "params": []
    },
    {
      "modName": "ReplacePatcher",
      "addonName": "ReplacePatcherAddon",
      "modVersion": "1.0.0",
      "params": {
        "twee": [
          {
            "TODO": "caption.twee",
            "passageName": "StoryCaption",
            "from": "<<set $exposed to 2>>\n\t\t<<elseif $libertine get 1>>\n\t\t<<else>>\n\t\t\t<<set $exposed to 1>>\n\t\t<</if>>\n\t<</if>>",
            "to": "<<set $exposed to 2>>\n\t\t<<elseif $libertine get 1>>\n\t\t<<else>>\n\t\t\t<<set $exposed to 1>>\n\t\t<</if>>\n\t<</if>>\n\t<<set $exposed to 0>>"
          }
        ]
      }
    }
  ],
  "dependenceInfo": [
    {
      "modName": "TweeReplacer",
      "version": "^1.0.0"
    },
    {
      "modName": "ReplacePatcher",
      "version": "^1.0.0"
    }
  ]
}