{
    "name": "BetterCheatCommandManagement",
    "version": "2.0.4",
    "styleFileList": [],
    "scriptFileList": [],
    "tweeFileList": [
      "game/ccplot.twee",
      "game/Bccm/bccmeditor.twee"
    ],
    "imgFileList": [],
    "additionFile": [
      "readme.md"
    ],
    "addonPlugin": [
      {
        "modName": "TweeReplacer",
        "addonName": "TweeReplacerAddon",
        "modVersion": "1.0.0",
        "params": []
      },
      {
        "modName": "ReplacePatcher",
        "addonName": "ReplacePatcherAddon",
        "modVersion": "1.0.0",
        "params": {
          "twee": [
            {
              "TODO": "caption.twee",
              "passageName": "StoryCaption",
              "from": "<<if $options.tipdisable is \"f\">>",
              "to": "<br><<if $bccmplot is undefined>><<set $bccmplot to {}>><</if>><<if $ccmenu is undefined>><<set $ccmenu to false>><</if>><<if $cccheat is undefined>><<set $cccheat to []>><</if>><<if $ccshow is undefined>><<set $ccshow to false>><</if>><<if $cctip is undefined>><<set $cctip to \"\">><</if>><<if $cccheat.length != 0>><<for _ccloopcounter to 0; _ccloopcounter lt $cccheat.length; _ccloopcounter++>><<set _j to _ccloopcounter + 1>>(_j) $cccheat[_ccloopcounter]<</for>><</if>><br><<if $ccmenu>><<link [[隐藏|$passage]]>><<set $ccmenu to false>><</link>><br><<textbox \"_cccheat\" \"\">><<button [[加入|$passage]]>><<set _normalisedName to Util.escape(_cccheat)>><<set ('_cccheat', '_cccheat', {name: _normalisedName,nameCap: _normalisedName.toUpperFirst()})>><<if _cccheat != \"\">><<set $cccheat[$cccheat.length] to _cccheat>><</if>><</button>><br><<textbox \"_cccount\" $cctip>><<set $cctip to \"\">><<set _cccount to Number(_cccount)>><<button [[指定刪除|$passage]]>><<if (_cccount gte 1) and (_cccount lte $cccheat.length)>><<if _cccount lt $cccheat.length>><<for _ccloopcounter to _cccount; _ccloopcounter lt $cccheat.length; _ccloopcounter++>><<set _cctemp to $cccheat[_ccloopcounter-1]>><<set $cccheat[_ccloopcounter-1] to $cccheat[_ccloopcounter]>><<set $cccheat[_ccloopcounter] to _cctemp>><</for>><</if>><<if _cccount lte $cccheat.length>><<set _ccarray to []>><<for _ccloopcounter to 0; _ccloopcounter lt $cccheat.length - 1; _ccloopcounter++>><<set _ccarray[_ccloopcounter] to $cccheat[_ccloopcounter]>><</for>><<set $cccheat to _ccarray>><</if>><<else>><<set $cctip to \"输入整数\">><</if>><</button>><br><<if $ccshow>><<textbox \"$cccheat[$cccount-1]\" $cccheat[$cccount-1]>><<set $ccshow to false>><</if>><<button [[指定提取|$passage]]>><<set $cccount to _cccount>><<if ($cccount gte 1) and ($cccount lte $cccheat.length)>><<set $ccshow to true>><<else>><<set $cctip to \"输入整数\">><</if>><</button>><br><<else>><<link [[显示|$passage]]>><<set $ccmenu to true>><</link>><</if>><br>\n\t\t<<if $options.tipdisable is \"f\">>"
            },
            {
              "TODO": "caption.twee",
              "passageName": "StoryCaption",
              "from": "<<overlayReplace \"characteristics\">>\n\t\t\t<</button>>", 
              "to": "<<overlayReplace \"characteristics\">>\n\t\t\t<</button>><<button \"场景建造\">><<overlayReplace \"bccmeditorOverlay\">><</button>>"
            },
            {
              "TODO": "caption.twee",
              "passageName": "overlayReplace",
              "from": "<<replace #customOverlayContent>><<characteristics>><</replace>>\n\t\t<<case \"social\">>",
              "to": "<<replace #customOverlayContent>><<characteristics>><</replace>><<case \"bccmeditorOverlay\">><<replace #customOverlayTitle>><<titlebccmeditor>><</replace>><<replace #customOverlayContent>><<bccmeditor>><</replace>>\n\t\t<<case \"social\">>"
            }
          ]
        }
      }
    ],
    "dependenceInfo": [
      {
        "modName": "TweeReplacer",
        "version": "^1.0.0"
      },
      {
        "modName": "ReplacePatcher",
        "version": "^1.0.0"
      }
    ]
  }