{
    "name": "BetterCheatCommandManagement",
    "version": "2.0.10",
    "styleFileList": [],
    "scriptFileList": [],
    "tweeFileList": [
      "game/ccplot.twee",
      "game/Bccm/bccmeditor.twee",
      "game/Bccm/cccheat.twee"
    ],
    "imgFileList": [],
    "additionFile": [
      "readme.md"
    ],
    "addonPlugin": [
      {
        "modName": "TweeReplacer",
        "addonName": "TweeReplacerAddon",
        "modVersion": "1.0.0",
        "params": []
      },
      {
        "modName": "ReplacePatcher",
        "addonName": "ReplacePatcherAddon",
        "modVersion": "1.0.0",
        "params": {
          "twee": [
            {
              "TODO": "caption.twee",
              "passageName": "StoryCaption",
              "from": "<<if $options.tipdisable is \"f\">>",
              "to": "<<cccheat>>\n\t\t<<if $options.tipdisable is \"f\">>"
            },
            {
              "TODO": "caption.twee",
              "passageName": "StoryCaption",
              "from": "<<overlayReplace \"characteristics\">>\n\t\t\t<</button>>", 
              "to": "<<overlayReplace \"characteristics\">>\n\t\t\t<</button>><<button \"场景建造\">><<overlayReplace \"bccmeditorOverlay\">><</button>>"
            },
            {
              "TODO": "caption.twee",
              "passageName": "overlayReplace",
              "from": "<<replace #customOverlayContent>><<characteristics>><</replace>>",
              "to": "<<replace #customOverlayContent>><<characteristics>><</replace>><<case \"bccmeditorOverlay\">><<replace #customOverlayTitle>><<titlebccmeditor>><</replace>><<replace #customOverlayContent>><<bccmeditor>><</replace>>"
            }
          ]
        }
      }
    ],
    "dependenceInfo": [
      {
        "modName": "TweeReplacer",
        "version": "^1.0.0"
      },
      {
        "modName": "ReplacePatcher",
        "version": "^1.0.0"
      }
    ]
  }